{"Kolkata":[22.973400000000001597300069988705217838287353515625,78.6568999999999931560523691587150096893310546875],"Jammu":[22.973400000000001597300069988705217838287353515625,78.6568999999999931560523691587150096893310546875],"Varanasi":[22.973400000000001597300069988705217838287353515625,78.6568999999999931560523691587150096893310546875],"Ghaziabad":[22.973400000000001597300069988705217838287353515625,78.6568999999999931560523691587150096893310546875],"Mohali":[22.973400000000001597300069988705217838287353515625,78.6568999999999931560523691587150096893310546875],"Patiala":[22.973400000000001597300069988705217838287353515625,78.6568999999999931560523691587150096893310546875],"Jamshedpur":[22.973400000000001597300069988705217838287353515625,78.6568999999999931560523691587150096893310546875],"Hyderabad":[22.973400000000001597300069988705217838287353515625,78.6568999999999931560523691587150096893310546875],"Indore":[22.973400000000001597300069988705217838287353515625,78.6568999999999931560523691587150096893310546875],"Pathankot":[22.973400000000001597300069988705217838287353515625,78.6568999999999931560523691587150096893310546875],"MUMBAI":[22.973400000000001597300069988705217838287353515625,78.6568999999999931560523691587150096893310546875],"Pandhurna":[22.973400000000001597300069988705217838287353515625,78.6568999999999931560523691587150096893310546875],"Raipur":[22.973400000000001597300069988705217838287353515625,78.6568999999999931560523691587150096893310546875],"Chandigarh":[22.973400000000001597300069988705217838287353515625,78.6568999999999931560523691587150096893310546875],"Vaishali":[22.973400000000001597300069988705217838287353515625,78.6568999999999931560523691587150096893310546875],"Gwalior":[22.973400000000001597300069988705217838287353515625,78.6568999999999931560523691587150096893310546875],"gurgaon":[22.973400000000001597300069988705217838287353515625,78.6568999999999931560523691587150096893310546875],"Jamnagar":[22.973400000000001597300069988705217838287353515625,78.6568999999999931560523691587150096893310546875],"Nagpur":[22.973400000000001597300069988705217838287353515625,78.6568999999999931560523691587150096893310546875],"Vadodara":[22.973400000000001597300069988705217838287353515625,78.6568999999999931560523691587150096893310546875],"Delhi":[22.973400000000001597300069988705217838287353515625,78.6568999999999931560523691587150096893310546875],"KADMA":[22.973400000000001597300069988705217838287353515625,78.6568999999999931560523691587150096893310546875],"Dehradun":[22.973400000000001597300069988705217838287353515625,78.6568999999999931560523691587150096893310546875],"Amritsar":[22.973400000000001597300069988705217838287353515625,78.6568999999999931560523691587150096893310546875],"Haldwani":[22.973400000000001597300069988705217838287353515625,78.6568999999999931560523691587150096893310546875],"BALLIA":[22.973400000000001597300069988705217838287353515625,78.6568999999999931560523691587150096893310546875],"Guwahati":[22.973400000000001597300069988705217838287353515625,78.6568999999999931560523691587150096893310546875],"GREATER NOIDA":[22.973400000000001597300069988705217838287353515625,78.6568999999999931560523691587150096893310546875],"Punjab":[22.973400000000001597300069988705217838287353515625,78.6568999999999931560523691587150096893310546875],"Muscat":[22.973400000000001597300069988705217838287353515625,78.6568999999999931560523691587150096893310546875],"Motihari":[22.973400000000001597300069988705217838287353515625,78.6568999999999931560523691587150096893310546875],"Chennai":[22.973400000000001597300069988705217838287353515625,78.6568999999999931560523691587150096893310546875],"SunBeam":[22.973400000000001597300069988705217838287353515625,78.6568999999999931560523691587150096893310546875],"Bengaluru, Karnataka":[22.973400000000001597300069988705217838287353515625,78.6568999999999931560523691587150096893310546875],"Gurugram":[22.973400000000001597300069988705217838287353515625,78.6568999999999931560523691587150096893310546875],"Hooghly":[22.973400000000001597300069988705217838287353515625,78.6568999999999931560523691587150096893310546875],"Jorhat, Assam.":[22.973400000000001597300069988705217838287353515625,78.6568999999999931560523691587150096893310546875],"Bhubaneswar":[22.973400000000001597300069988705217838287353515625,78.6568999999999931560523691587150096893310546875],"Bhandara":[22.973400000000001597300069988705217838287353515625,78.6568999999999931560523691587150096893310546875],"SAS Nagar":[22.973400000000001597300069988705217838287353515625,78.6568999999999931560523691587150096893310546875],"S.A.S Nagar, Mohali, Punjab-160062":[22.973400000000001597300069988705217838287353515625,78.6568999999999931560523691587150096893310546875],"Varanasi Cantonment":[22.973400000000001597300069988705217838287353515625,78.6568999999999931560523691587150096893310546875],"Anand":[22.973400000000001597300069988705217838287353515625,78.6568999999999931560523691587150096893310546875],"Mughalsarai":[22.973400000000001597300069988705217838287353515625,78.6568999999999931560523691587150096893310546875],"Bhopal":[22.973400000000001597300069988705217838287353515625,78.6568999999999931560523691587150096893310546875],"Fatehgarh Sahib":[22.973400000000001597300069988705217838287353515625,78.6568999999999931560523691587150096893310546875],"Bhiwadi":[22.973400000000001597300069988705217838287353515625,78.6568999999999931560523691587150096893310546875],"Bandipore":[22.973400000000001597300069988705217838287353515625,78.6568999999999931560523691587150096893310546875],"Kolhapur":[22.973400000000001597300069988705217838287353515625,78.6568999999999931560523691587150096893310546875],"New Delhi":[22.973400000000001597300069988705217838287353515625,78.6568999999999931560523691587150096893310546875],"Sasni,  Hathras":[22.973400000000001597300069988705217838287353515625,78.6568999999999931560523691587150096893310546875],"Patna":[22.973400000000001597300069988705217838287353515625,78.6568999999999931560523691587150096893310546875],"Ludhiana":[22.973400000000001597300069988705217838287353515625,78.6568999999999931560523691587150096893310546875],"Howrah":[22.973400000000001597300069988705217838287353515625,78.6568999999999931560523691587150096893310546875],"Haryana":[22.973400000000001597300069988705217838287353515625,78.6568999999999931560523691587150096893310546875],"Nellore":[22.973400000000001597300069988705217838287353515625,78.6568999999999931560523691587150096893310546875],"RAMPURHAT":[22.973400000000001597300069988705217838287353515625,78.6568999999999931560523691587150096893310546875],"SECUNDERABAD":[22.973400000000001597300069988705217838287353515625,78.6568999999999931560523691587150096893310546875],"Jhalawar":[22.973400000000001597300069988705217838287353515625,78.6568999999999931560523691587150096893310546875],"GAMHARIA":[22.973400000000001597300069988705217838287353515625,78.6568999999999931560523691587150096893310546875],"Lucknow":[22.973400000000001597300069988705217838287353515625,78.6568999999999931560523691587150096893310546875],"Mizanur":[22.973400000000001597300069988705217838287353515625,78.6568999999999931560523691587150096893310546875],"Erode":[22.973400000000001597300069988705217838287353515625,78.6568999999999931560523691587150096893310546875],"Gautam Budh Nagar":[22.973400000000001597300069988705217838287353515625,78.6568999999999931560523691587150096893310546875],"Dhule":[22.973400000000001597300069988705217838287353515625,78.6568999999999931560523691587150096893310546875],"SINDKHEDA":[22.973400000000001597300069988705217838287353515625,78.6568999999999931560523691587150096893310546875]}